timestamp,simple-path,time
2021-06-05 13:27:25.394,/master/welcome,567
2021-06-05 13:27:29.704,/master/welcome,256
2021-06-05 13:27:34.517,/master/sign-in,605
2021-06-05 13:27:40.014,/master/welcome,612
2021-06-05 13:27:51.683,/master/welcome,268
2021-06-05 13:27:55.482,/master/welcome,625
2021-06-05 13:27:56.981,/master/welcome,251
2021-06-05 13:28:01.279,/master/welcome,224
2021-06-05 13:28:04.048,/master/sign-in,616
2021-06-05 13:28:10.543,/master/welcome,612
2021-06-05 13:28:16.512,/usermanager/task/create,627
2021-06-05 13:28:27.679,/master/welcome,1155
2021-06-05 13:28:34.537,/usermanager/task/list-mine,610
2021-06-05 13:28:52.094,/master/welcome,237
2021-06-05 13:28:54.867,/master/welcome,612
2021-06-05 13:28:57.278,/master/welcome,282
2021-06-05 13:28:59.54,/master/welcome,218
2021-06-05 13:29:05.29,/master/sign-in,590
2021-06-05 13:29:13.779,/master/welcome,629
2021-06-05 13:29:17.712,/usermanager/task/create,614
2021-06-05 13:29:27.834,/master/welcome,1179
2021-06-05 13:29:35.699,/usermanager/task/list-mine,582
2021-06-05 13:29:53.352,/master/welcome,261
2021-06-05 13:29:57.138,/master/welcome,611
2021-06-05 13:30:02.494,/master/welcome,256
2021-06-05 13:30:03.747,/master/welcome,208
2021-06-05 13:30:05.542,/master/sign-in,615
2021-06-05 13:30:14.022,/master/welcome,630
2021-06-05 13:30:18.957,/usermanager/task/create,613
2021-06-05 13:30:28.599,/master/welcome,633
2021-06-05 13:30:32.479,/usermanager/task/list-mine,614
2021-06-05 13:30:49.142,/master/welcome,270
2021-06-05 13:30:53.948,/master/welcome,629
2021-06-05 13:30:55.353,/master/welcome,282
2021-06-05 13:30:59.656,/master/welcome,252
2021-06-05 13:31:04.464,/master/sign-in,632
2021-06-05 13:31:10.974,/master/welcome,617
2021-06-05 13:31:15.905,/usermanager/task/create,621
2021-06-05 13:31:29.958,/master/welcome,1155
2021-06-05 13:31:37.815,/usermanager/task/list-mine,611
2021-06-05 13:31:54.988,/master/welcome,219
2021-06-05 13:31:58.757,/master/welcome,594
2021-06-05 13:32:00.131,/master/welcome,262
2021-06-05 13:32:04.409,/master/welcome,230
2021-06-05 13:32:07.177,/master/sign-in,609
2021-06-05 13:32:14.558,/master/welcome,592
2021-06-05 13:32:21.425,/usermanager/task/create,608
2021-06-05 13:32:36.633,/master/welcome,1146
2021-06-05 13:32:44.523,/usermanager/task/list-mine,611
2021-06-05 13:32:59.062,/master/welcome,270
2021-06-05 13:33:04.81,/master/welcome,590
2021-06-05 13:33:07.2,/master/welcome,278
2021-06-05 13:33:10.479,/master/welcome,236
2021-06-05 13:33:15.232,/master/sign-in,601
2021-06-05 13:33:19.608,/master/welcome,598
2021-06-05 13:33:25.541,/usermanager/task/create,615
2021-06-05 13:33:36.64,/master/welcome,1178
2021-06-05 13:33:40.42,/usermanager/task/list-mine,592
2021-06-05 13:33:54.864,/master/welcome,266
2021-06-05 13:33:56.609,/master/welcome,601
2021-06-05 13:33:58.944,/master/welcome,220
2021-06-05 13:34:03.239,/master/welcome,253
2021-06-05 13:34:08.993,/master/sign-in,592
2021-06-05 13:34:15.419,/master/welcome,585
2021-06-05 13:34:18.326,/usermanager/task/create,598
2021-06-05 13:34:29.832,/usermanager/task/create,630
2021-06-05 13:34:33.166,/master/welcome,253
2021-06-05 13:34:35.888,/master/welcome,594
2021-06-05 13:34:40.252,/master/welcome,235
2021-06-05 13:34:42.551,/master/welcome,244
2021-06-05 13:34:45.347,/master/sign-in,615
2021-06-05 13:34:51.714,/master/welcome,600
2021-06-05 13:34:55.57,/usermanager/task/create,610
2021-06-05 13:35:11.092,/usermanager/task/create,625
2021-06-05 13:35:13.396,/master/welcome,235
2021-06-05 13:35:16.176,/master/welcome,614
2021-06-05 13:35:20.528,/master/welcome,240
2021-06-05 13:35:23.814,/master/welcome,240
2021-06-05 13:35:29.599,/master/sign-in,613
2021-06-05 13:35:37.083,/master/welcome,627
2021-06-05 13:35:43.027,/usermanager/task/create,609
2021-06-05 13:35:56.692,/usermanager/task/create,632
2021-06-05 13:35:58.025,/master/welcome,251
2021-06-05 13:36:00.757,/master/welcome,602
2021-06-05 13:36:05.131,/master/welcome,262
2021-06-05 13:36:08.44,/master/welcome,255
2021-06-05 13:36:10.172,/master/sign-in,598
2021-06-05 13:36:15.622,/master/welcome,603
2021-06-05 13:36:18.468,/usermanager/task/create,597
2021-06-05 13:36:32.008,/usermanager/task/create,607
2021-06-05 13:36:36.35,/master/welcome,268
2021-06-05 13:36:39.102,/master/welcome,606
2021-06-05 13:36:42.439,/master/welcome,235
2021-06-05 13:36:47.758,/master/welcome,262
2021-06-05 13:36:51.559,/master/sign-in,625
2021-06-05 13:36:58.927,/master/welcome,597
2021-06-05 13:37:02.813,/usermanager/task/create,588
2021-06-05 13:37:16.421,/usermanager/task/create,621
2021-06-05 13:37:21.748,/master/welcome,257
2021-06-05 13:37:27.544,/master/welcome,616
2021-06-05 13:37:28.908,/master/welcome,259
2021-06-05 13:37:34.213,/master/welcome,260
2021-06-05 13:37:35.935,/master/sign-in,601
2021-06-05 13:37:44.367,/master/welcome,603
2021-06-05 13:37:49.279,/usermanager/task/create,585
2021-06-05 13:37:59.813,/usermanager/task/create,627
2021-06-05 13:38:04.125,/master/welcome,237
2021-06-05 13:38:06.881,/master/welcome,602
2021-06-05 13:38:18.992,/master/welcome,298
2021-06-05 13:38:22.313,/master/welcome,264
2021-06-05 13:38:28.144,/master/sign-in,665
2021-06-05 13:38:35.656,/master/welcome,608
2021-06-05 13:38:45.718,/master/welcome,229
2021-06-05 13:38:49.485,/master/welcome,616
2021-06-05 13:38:53.839,/master/welcome,244
2021-06-05 13:38:56.101,/master/welcome,222
2021-06-05 13:39:00.811,/master/sign-in,587
2021-06-05 13:39:05.254,/master/welcome,604
2021-06-05 13:39:11.194,/usermanager/task/list-mine,611
2021-06-05 13:39:17.126,/usermanager/task/show,614
2021-06-05 13:39:32.235,/usermanager/task/list-mine,1204
2021-06-05 13:39:47.727,/master/welcome,303
2021-06-05 13:39:50.523,/master/welcome,631
2021-06-05 13:39:53.891,/master/welcome,254
2021-06-05 13:39:57.177,/master/welcome,232
2021-06-05 13:39:58.943,/master/sign-in,607
2021-06-05 13:40:03.376,/master/welcome,610
2021-06-05 13:40:10.277,/usermanager/task/list-mine,582
2021-06-05 13:40:19.207,/usermanager/task/show,611
2021-06-05 13:40:31.806,/usermanager/task/list-mine,653
2021-06-05 13:40:46.288,/master/welcome,233
2021-06-05 13:40:51.034,/master/welcome,589
2021-06-05 13:40:55.367,/master/welcome,226
2021-06-05 13:40:59.638,/master/welcome,221
2021-06-05 13:41:01.416,/master/sign-in,599
2021-06-05 13:41:06.914,/master/welcome,615
2021-06-05 13:41:11.836,/usermanager/task/list-mine,608
2021-06-05 13:41:21.755,/usermanager/task/show,616
2021-06-05 13:41:34.416,/usermanager/task/list-mine,628
2021-06-05 13:41:48.909,/master/welcome,258
2021-06-05 13:41:53.673,/master/welcome,606
2021-06-05 13:41:56.019,/master/welcome,240
2021-06-05 13:41:58.33,/master/welcome,265
2021-06-05 13:42:02.134,/master/sign-in,628
2021-06-05 13:42:10.621,/master/welcome,609
2021-06-05 13:42:13.558,/usermanager/task/list-mine,598
2021-06-05 13:42:18.448,/usermanager/task/show,598
2021-06-05 13:42:30.66,/usermanager/task/list-mine,1161
2021-06-05 13:42:47.29,/master/welcome,252
2021-06-05 13:42:51.072,/master/welcome,610
2021-06-05 13:42:56.426,/master/welcome,231
2021-06-05 13:42:59.71,/master/welcome,233
2021-06-05 13:43:02.51,/master/sign-in,626
2021-06-05 13:43:09.043,/master/welcome,613
2021-06-05 13:43:13.98,/usermanager/task/list-mine,615
2021-06-05 13:43:19.924,/usermanager/task/show,625
2021-06-05 13:43:32.671,/usermanager/task/list-mine,637
2021-06-05 13:43:51.194,/master/welcome,285
2021-06-05 13:43:54.976,/master/welcome,612
2021-06-05 13:43:56.378,/master/welcome,300
2021-06-05 13:43:57.658,/master/welcome,238
2021-06-05 13:44:03.46,/master/sign-in,626
2021-06-05 13:44:07.865,/master/welcome,613
2021-06-05 13:44:11.809,/usermanager/task/list-mine,612
2021-06-05 13:44:18.787,/usermanager/task/show,624
2021-06-05 13:44:29.443,/usermanager/task/list-mine,663
2021-06-05 13:44:50.157,/master/welcome,413
2021-06-05 13:44:51.881,/master/welcome,601
2021-06-05 13:44:53.263,/master/welcome,256
2021-06-05 13:44:57.546,/master/welcome,232
2021-06-05 13:45:01.313,/master/sign-in,612
2021-06-05 13:45:08.745,/master/welcome,617
2021-06-05 13:45:12.683,/usermanager/task/list-mine,613
2021-06-05 13:45:20.584,/usermanager/task/show,597
2021-06-05 13:45:35.183,/usermanager/task/update,614
2021-06-05 13:45:40.497,/master/welcome,236
2021-06-05 13:45:45.283,/master/welcome,610
2021-06-05 13:45:47.663,/master/welcome,268
2021-06-05 13:45:49.951,/master/welcome,233
2021-06-05 13:45:54.744,/master/sign-in,599
2021-06-05 13:46:02.227,/master/welcome,616
2021-06-05 13:46:07.13,/usermanager/task/list-mine,588
2021-06-05 13:46:13.04,/usermanager/task/show,605
2021-06-05 13:46:24.597,/usermanager/task/update,603
2021-06-05 13:46:26.956,/master/welcome,285
2021-06-05 13:46:30.733,/master/welcome,616
2021-06-05 13:46:32.084,/master/welcome,247
2021-06-05 13:46:35.363,/master/welcome,231
2021-06-05 13:46:41.148,/master/sign-in,616
2021-06-05 13:46:47.649,/master/welcome,605
2021-06-05 13:46:54.56,/usermanager/task/list-mine,613
2021-06-05 13:47:00.487,/usermanager/task/show,626
2021-06-05 13:47:13.078,/usermanager/task/update,626
2021-06-05 13:47:14.374,/master/welcome,225
2021-06-05 13:47:16.144,/master/welcome,614
2021-06-05 13:47:21.526,/master/welcome,269
2021-06-05 13:47:24.786,/master/welcome,211
2021-06-05 13:47:26.55,/master/sign-in,611
2021-06-05 13:47:32.958,/master/welcome,616
2021-06-05 13:47:39.872,/usermanager/task/list-mine,603
2021-06-05 13:47:45.786,/usermanager/task/show,615
2021-06-05 13:47:59.456,/usermanager/task/update,626
2021-06-05 13:48:02.817,/master/welcome,281
2021-06-05 13:48:07.596,/master/welcome,617
2021-06-05 13:48:10.954,/master/welcome,252
2021-06-05 13:48:15.24,/master/welcome,237
2021-06-05 13:48:21.005,/master/sign-in,613
2021-06-05 13:48:27.429,/master/welcome,615
2021-06-05 13:48:34.355,/usermanager/task/list-mine,613
2021-06-05 13:48:43.265,/usermanager/task/show,598
2021-06-05 13:48:54.898,/usermanager/task/update,632
2021-06-05 13:48:57.207,/master/welcome,226
2021-06-05 13:49:01.913,/master/welcome,582
2021-06-05 13:49:06.291,/master/welcome,270
2021-06-05 13:49:07.542,/master/welcome,203
2021-06-05 13:49:10.287,/master/sign-in,613
2021-06-05 13:49:18.743,/master/welcome,613
2021-06-05 13:49:24.627,/usermanager/task/list-mine,613
2021-06-05 13:49:31.573,/usermanager/task/show,617
2021-06-05 13:49:46.1,/usermanager/task/update,604
2021-06-05 13:49:48.398,/master/welcome,228
2021-06-05 13:49:54.207,/master/welcome,629
2021-06-05 13:50:06.54,/master/welcome,304
2021-06-05 13:50:10.798,/master/welcome,210
2021-06-05 13:50:15.582,/master/sign-in,609
2021-06-05 13:50:24.081,/master/welcome,616
2021-06-05 13:50:38.678,/master/welcome,224
2021-06-05 13:50:41.456,/master/welcome,628
2021-06-05 13:50:44.822,/master/welcome,251
2021-06-05 13:50:46.078,/master/welcome,208
2021-06-05 13:50:49.862,/master/sign-in,610
2021-06-05 13:50:59.271,/master/welcome,612
2021-06-05 13:51:05.209,/usermanager/task/list-mine,608
2021-06-05 13:51:13.137,/usermanager/task/show,617
2021-06-05 13:51:18.82,/usermanager/task/list-mine,609
2021-06-05 13:51:26.719,/usermanager/task/show,610
2021-06-05 13:51:31.46,/master/welcome,249
2021-06-05 13:51:34.164,/master/welcome,587
2021-06-05 13:51:42.602,/master/welcome,292
2021-06-05 13:51:46.905,/master/welcome,248
2021-06-05 13:51:50.702,/master/sign-in,630
2021-06-05 13:51:58.223,/master/welcome,632
2021-06-05 13:52:08.866,/master/welcome,270
2021-06-05 13:52:13.64,/master/welcome,598
2021-06-05 13:52:18.989,/master/welcome,243
2021-06-05 13:52:23.254,/master/welcome,216
2021-06-05 13:52:26.059,/master/sign-in,647
2021-06-05 13:52:36.581,/master/welcome,616
2021-06-05 13:52:44.494,/usermanager/task/list-mine,595
2021-06-05 13:53:00.831,/usermanager/task/show,609
2021-06-05 13:53:06.56,/master/welcome,235
2021-06-05 13:53:11.336,/master/welcome,610
2021-06-05 13:53:12.658,/master/welcome,224
2021-06-05 13:53:17.989,/master/welcome,285
2021-06-05 13:53:20.759,/master/sign-in,612
2021-06-05 13:53:30.16,/master/welcome,586
2021-06-05 13:53:37.103,/usermanager/task/list-mine,613
2021-06-05 13:53:57.339,/usermanager/task/show,630
2021-06-05 13:54:02.083,/master/welcome,241
2021-06-05 13:54:05.811,/master/welcome,600
2021-06-05 13:54:18.033,/master/welcome,295
2021-06-05 13:54:22.324,/master/welcome,234
2021-06-05 13:54:25.114,/master/sign-in,613
2021-06-05 13:54:32.655,/master/welcome,609
2021-06-05 13:54:49.861,/master/welcome,270
2021-06-05 13:54:55.632,/master/welcome,595
2021-06-05 13:54:59.983,/master/welcome,236
2021-06-05 13:55:01.228,/master/welcome,205
2021-06-05 13:55:06.009,/master/sign-in,620
2021-06-05 13:55:13.51,/master/welcome,660
2021-06-05 13:55:19.444,/authenticated/task/list,610
2021-06-05 13:55:40.629,/authenticated/task/show,613
2021-06-05 13:55:43.356,/master/welcome,228
2021-06-05 13:55:47.143,/master/welcome,614
2021-06-05 13:55:48.453,/master/welcome,211
2021-06-05 13:55:49.735,/master/welcome,230
2021-06-05 13:55:55.513,/master/sign-in,598
2021-06-05 13:56:02.954,/master/welcome,586
2021-06-05 13:56:09.803,/authenticated/task/list,590
2021-06-05 13:56:28.961,/authenticated/task/show,600
2021-06-05 13:56:32.669,/master/welcome,270
2021-06-05 13:56:34.381,/master/welcome,584
2021-06-05 13:56:43.58,/master/welcome,288
2021-06-05 13:56:47.867,/master/welcome,233
2021-06-05 13:56:51.645,/master/sign-in,609
2021-06-05 13:57:00.116,/master/welcome,607
2021-06-05 13:57:11.175,/master/welcome,250
2021-06-05 13:57:16.952,/master/welcome,606
2021-06-05 13:57:20.314,/master/welcome,252
2021-06-05 13:57:24.175,/anonymous/shout/list,588
2021-06-05 13:57:38.522,/master/welcome,290
2021-06-05 13:57:43.424,/anonymous/shout/list,618
2021-06-05 13:57:59.736,/master/welcome,260
2021-06-05 13:58:05.605,/anonymous/shout/list,631
2021-06-05 13:58:26.671,/master/welcome,303
2021-06-05 13:58:29.978,/master/welcome,263
2021-06-05 13:58:32.688,/master/sign-in,587
2021-06-05 13:58:43.253,/master/welcome,612
2021-06-05 13:58:55.931,/master/welcome,296
2021-06-05 13:58:59.726,/master/welcome,624
2021-06-05 13:59:01.113,/master/welcome,278
2021-06-05 13:59:04.977,/anonymous/shout/create,607
2021-06-05 13:59:15.214,/master/welcome,610
2021-06-05 13:59:20.045,/anonymous/shout/list,609
2021-06-05 13:59:30.977,/master/welcome,209
2021-06-05 13:59:35.841,/anonymous/shout/create,606
2021-06-05 13:59:45.061,/master/welcome,598
2021-06-05 13:59:48.941,/anonymous/shout/list,613
2021-06-05 13:59:57.895,/master/welcome,247
2021-06-05 14:00:00.795,/anonymous/shout/create,624
2021-06-05 14:00:09.569,/master/welcome,1186
2021-06-05 14:00:14.41,/anonymous/shout/list,591
2021-06-05 14:00:25.359,/master/welcome,264
2021-06-05 14:00:29.251,/anonymous/shout/create,609
2021-06-05 14:00:38.451,/master/welcome,611
2021-06-05 14:00:45.342,/anonymous/shout/list,613
2021-06-05 14:00:55.296,/master/welcome,251
2021-06-05 14:01:01.155,/anonymous/shout/create,587
2021-06-05 14:01:08.408,/master/welcome,630
2021-06-05 14:01:14.296,/anonymous/shout/list,611
2021-06-05 14:01:25.279,/master/welcome,250
2021-06-05 14:01:30.183,/anonymous/shout/create,619
2021-06-05 14:01:36.405,/anonymous/shout/create,613
2021-06-05 14:01:38.742,/master/welcome,250
2021-06-05 14:01:43.626,/anonymous/shout/create,617
2021-06-05 14:01:53.856,/anonymous/shout/create,625
2021-06-05 14:01:55.162,/master/welcome,222
2021-06-05 14:02:02.021,/anonymous/shout/create,598
2021-06-05 14:02:08.203,/anonymous/shout/create,628
2021-06-05 14:02:09.537,/master/welcome,234
2021-06-05 14:02:17.43,/anonymous/shout/create,611
2021-06-05 14:02:25.621,/anonymous/shout/create,615
2021-06-05 14:02:29.947,/master/welcome,238
2021-06-05 14:02:34.75,/anonymous/shout/create,609
2021-06-05 14:02:45.895,/anonymous/shout/create,628
2021-06-05 14:02:50.219,/master/welcome,223
2021-06-05 14:02:54.081,/anonymous/shout/create,590
2021-06-05 14:03:01.194,/anonymous/shout/create,625
2021-06-05 14:03:11.077,/master/welcome,315
2021-06-05 14:03:12.382,/master/welcome,247
2021-06-05 14:03:15.162,/master/sign-in,601
2021-06-05 14:03:23.695,/master/welcome,612
2021-06-05 14:03:36.344,/master/welcome,267
2021-06-05 14:03:40.14,/master/welcome,627
2021-06-05 14:03:41.525,/master/welcome,267
2021-06-05 14:03:44.356,/anonymous/task/list,596
2021-06-05 14:04:05.55,/anonymous/task/show,624
2021-06-05 14:04:08.308,/master/welcome,249
2021-06-05 14:04:14.184,/anonymous/task/list,611
2021-06-05 14:04:33.45,/anonymous/task/show,641
